insert into news (ticker, header, time, updated) values ('AAPL', 'Vbhb ql sylr k sthi', '14 января в 18:15', '2022-01-14 18:15:52') ON CONFLICT DO NOTHING;
insert into news (ticker, header, time, updated) values ('YNDX', 'Tnbq vs xbhj i lxms', '21 февраля в 05:16', '2022-02-21 05:16:51') ON CONFLICT DO NOTHING;
insert into news (ticker, header, time, updated) values ('LKOH', 'Tjkw tb lxrw v abve', '03 февраля в 16:41', '2022-02-03 16:41:08') ON CONFLICT DO NOTHING;
insert into news (ticker, header, time, updated) values ('SNGSP', 'Xkse xs eshc f vzou', '19 октября в 11:30', '2022-10-19 11:30:07') ON CONFLICT DO NOTHING;
insert into news (ticker, header, time, updated) values ('GAZP', 'Lywl qm xaqf s wuqx', '27 ноября в 00:18', '2022-11-27 00:18:26') ON CONFLICT DO NOTHING;
insert into news (ticker, header, time, updated) values ('ALRS', 'Mevj es zyqp p weth', '19 августа в 12:10', '2022-08-19 12:10:31') ON CONFLICT DO NOTHING;
insert into news (ticker, header, time, updated) values ('PIKK', 'Mprv ib paqq g oenv', '10 ноября в 11:59', '2022-11-10 11:59:41') ON CONFLICT DO NOTHING;
insert into news (ticker, header, time, updated) values ('SBER', 'Dhgb ue zgro g vnal', '31 февраля в 14:19', '2022-02-31 14:19:39') ON CONFLICT DO NOTHING;
insert into news (ticker, header, time, updated) values ('FIVE', 'Pymu xj gguo m uluy', '15 апреля в 11:38', '2022-04-15 11:38:22') ON CONFLICT DO NOTHING;
insert into tickers (id, username, ticker, name, price, created, updated) values (738070069, 'escading0', 'AAPL', 'Dsdv sd', 587.76, '2022-01-12 14:06:29', '2022-01-14 18:15:52') ON CONFLICT DO NOTHING;
insert into tickers (id, username, ticker, name, price, created, updated) values (181884138, 'faizlewood1', 'LKOH', 'Dsdsdv sdsd', 572.69, '2022-04-22 21:16:37', '2022-04-24 19:57:46') ON CONFLICT DO NOTHING;
insert into tickers (id, username, ticker, name, price, created, updated) values (181884138, 'faizlewood1', 'ALRS', 'Sdssdv', 660.37, '2022-02-18 11:37:03', '2022-02-21 05:16:51') ON CONFLICT DO NOTHING;
insert into tickers (id, username, ticker, name, price, created, updated) values (653509547, 'ltweed3', 'YNDX', 'Rsdv sdsd', 196.67, '2022-02-01 23:55:09', '2022-02-03 16:41:08') ON CONFLICT DO NOTHING;
insert into tickers (id, username, ticker, name, price, created, updated) values (653509547, 'ltweed3', 'AAPL', 'Csdv vd', 398.64, '2022-10-14 13:25:43', '2022-10-19 11:30:07') ON CONFLICT DO NOTHING;
insert into tickers (id, username, ticker, name, price, created, updated) values (653509547, 'ltweed3', 'ALRS', 'Rxcsdv sds', 673.36, '2022-11-24 16:52:57', '2022-11-27 00:18:26') ON CONFLICT DO NOTHING;
insert into tickers (id, username, ticker, name, price, created, updated) values (887773539, 'epuden2', 'SBER', 'Ewdsdv', 160.80, '2022-08-16 14:30:27', '2022-08-19 12:10:31') ON CONFLICT DO NOTHING;
insert into tickers (id, username, ticker, name, price, created, updated) values (620028642, 'fbelfit4', 'SBER', 'Kddvvs cz', 337.10, '2022-11-05 06:90:49', '2022-11-10 11:59:41') ON CONFLICT DO NOTHING;
insert into tickers (id, username, ticker, name, price, created, updated) values (620028642, 'fbelfit4', 'LKOH', 'Fdadf sds', 947.29, '2022-02-29 00:26:28', '2022-02-31 14:19:39') ON CONFLICT DO NOTHING;
insert into tickers (id, username, ticker, name, price, created, updated) values (620028642, 'fbelfit4', 'LKOH', 'ERwewf ds', 211.48, '2022-04-14 19:48:31', '2022-04-15 11:38:22') ON CONFLICT DO NOTHING;
insert into usernames (id, username, joined) values (738070069, 'escading0', '2022-01-12 14:06:29') ON CONFLICT DO NOTHING;
insert into usernames (id, username, joined) values (181884138, 'faizlewood1', '2022-04-22 21:16:37') ON CONFLICT DO NOTHING;
insert into usernames (id, username, joined) values (887773539, 'epuden2', '2022-02-18 11:37:03') ON CONFLICT DO NOTHING;
insert into usernames (id, username, joined) values (653509547, 'ltweed3', '2022-02-01 23:55:09') ON CONFLICT DO NOTHING;
insert into usernames (id, username, joined) values (620028642, 'fbelfit4', '2022-10-14 13:25:43') ON CONFLICT DO NOTHING;